{"stats":{"minecraft:picked_up":{"withersweapons:spooky_upgrade":1,"withersweapons:frostslash":1,"minecraft:cobblestone":12,"minecraft:dirt":22,"minecraft:cooked_mutton":2},"minecraft:mined":{"minecraft:grass":2,"minecraft:grass_block":2},"minecraft:used":{"withersweapons:violet_demise":1,"minecraft:grass_block":3,"securitycraft:cobblestone_mine":5},"minecraft:custom":{"minecraft:jump":42,"minecraft:time_since_rest":3474,"minecraft:damage_dealt":167,"minecraft:deaths":1,"minecraft:sprint_one_cm":8244,"minecraft:play_time":5932,"minecraft:damage_taken":225,"minecraft:time_since_death":3445,"minecraft:walk_one_cm":12415,"minecraft:total_world_time":5932,"minecraft:leave_game":1,"minecraft:player_kills":1,"minecraft:fall_one_cm":209,"minecraft:fly_one_cm":15459}},"DataVersion":3465}