{"stats":{"minecraft:mined":{"minecraft:grass_block":3},"minecraft:picked_up":{"securitycraft:reinforced_dirt":64,"minecraft:bone":3,"minecraft:arrow":5,"minecraft:rotten_flesh":2,"minecraft:leather":3,"minecraft:beef":5,"minecraft:iron_ingot":1,"securitycraft:reinforced_stone":1,"minecraft:dirt":3},"minecraft:killed":{"minecraft:skeleton":4,"minecraft:zombie":3,"minecraft:cow":3},"minecraft:used":{"minecraft:water_bucket":6,"minecraft:torch":2,"minecraft:chiseled_bookshelf":1,"minecraft:netherite_sword":27,"minecraft:enchanted_book":5,"minecraft:dirt":1,"minecraft:coal_ore":7,"minecraft:grass_block":1,"securitycraft:reinforced_sandstone":12},"minecraft:custom":{"minecraft:time_since_rest":5764,"minecraft:play_time":5764,"minecraft:sprint_one_cm":10241,"minecraft:crouch_one_cm":79,"minecraft:walk_one_cm":13108,"minecraft:sneak_time":65,"minecraft:walk_under_water_one_cm":87,"minecraft:mob_kills":10,"minecraft:jump":59,"minecraft:damage_dealt":1693,"minecraft:time_since_death":5764,"minecraft:walk_on_water_one_cm":1338,"minecraft:total_world_time":5764,"minecraft:fall_one_cm":267,"minecraft:fly_one_cm":20821}},"DataVersion":3465}