{"stats":{"minecraft:killed_by":{"minecraft:player":1},"minecraft:killed":{"minecraft:sheep":4,"minecraft:pig":1},"minecraft:used":{"naturalist:rhino_spawn_egg":2,"minecraft:bread":2,"withersweapons:eldingain":5,"withersweapons:diablow":4,"naturalist:snake_spawn_egg":2,"hmag:reinforced_glass":9,"naturalist:alligator_spawn_egg":1,"hmag:stray_girl_spawn_egg":2,"minecraft:dirt":2,"minecraft:crafting_table":1,"withersweapons:vitali":2,"naturalist:teddy_bear":1,"naturalist:bear_spawn_egg":2,"withersweapons:valorin":1,"minecraft:pumpkin":1},"minecraft:picked_up":{"silentgear:flax_seeds":1,"minecraft:lilac":1,"minecraft:pumpkin":1,"minecraft:dandelion":1,"minecraft:oak_log":1,"silentgear:fluffy_seeds":1,"minecraft:dirt":5,"minecraft:cooked_mutton":2,"minecraft:wheat_seeds":2,"minecraft:hay_block":2,"minecraft:mutton":3,"minecraft:white_wool":3},"minecraft:custom":{"minecraft:time_since_rest":4621,"minecraft:sprint_one_cm":47344,"minecraft:damage_taken":1111,"minecraft:walk_one_cm":34661,"minecraft:mob_kills":5,"minecraft:damage_dealt":465,"minecraft:interact_with_crafting_table":1,"minecraft:swim_one_cm":1252,"minecraft:talked_to_villager":1,"minecraft:fly_one_cm":53517,"minecraft:open_chest":2,"minecraft:crouch_one_cm":13,"minecraft:play_time":19895,"minecraft:deaths":3,"minecraft:sneak_time":60,"minecraft:walk_under_water_one_cm":923,"minecraft:jump":282,"minecraft:leave_game":2,"minecraft:time_since_death":4584,"minecraft:walk_on_water_one_cm":58,"minecraft:total_world_time":19895,"minecraft:fall_one_cm":6752},"minecraft:crafted":{"minecraft:oak_planks":4,"minecraft:crafting_table":1,"minecraft:bread":6,"minecraft:wheat":18},"minecraft:mined":{"minecraft:hay_block":2,"silentgear:wild_flax_plant":1,"minecraft:lilac":1,"minecraft:dandelion":1,"minecraft:pumpkin":1,"silentgear:wild_fluffy_plant":1,"minecraft:grass":45,"minecraft:grass_block":4,"minecraft:oak_log":1,"minecraft:dirt_path":1,"minecraft:tall_grass":5}},"DataVersion":3465}